<?xml version="1.0" encoding="UTF-8"?>
<MISRA-C-Report-Summary>
<File Mode="required" Error="0" Warning="142" Total="142">
<Name>
C:\Rijvi_Synergy\Core_Component\Working\SVDiag-jzk9cc\SVDiag\src\Ap_DigPhsReasDiag.c</Name>
</File>
<File Mode="required" Error="0" Warning="14" Total="14">
<Name>
C:\Rijvi_Synergy\Core_Component\Working\SVDiag-jzk9cc\SVDiag\src\Sa_MtrDrvDiag.c</Name>
</File>
<Rule Name="13.7" Count="100" Mode="required" Severity="warning">
<Message>
Boolean operations whose results are invariant shall not be permitted.</Message>
</Rule>
<Rule Name="8.7" Count="14" Mode="required" Severity="warning">
<Message>
Objects shall be defined at block scope if they are only accessed from</Message>
</Rule>
<Rule Name="5.1" Count="13" Mode="required" Severity="warning">
<Message>
</Message>
</Rule>
<Rule Name="10.3" Count="9" Mode="required" Severity="warning">
<Message>
</Message>
</Rule>
<Rule Name="12.7" Count="8" Mode="required" Severity="warning">
<Message>
</Message>
</Rule>
<Rule Name="8.10" Count="6" Mode="required" Severity="warning">
<Message>
</Message>
</Rule>
<Rule Name="10.1" Count="5" Mode="required" Severity="warning">
<Message>
</Message>
</Rule>
<Rule Name="10.4" Count="1" Mode="required" Severity="warning">
<Message>
Complex expression of 'float' type may only be cast to narrower floating type,</Message>
</Rule>
</MISRA-C-Report-Summary>
