<?xml version="1.0" encoding="UTF-8"?>

<project name="Polyspace" files="1" includes="30" ap_cg_cycle="0" ap_cg_direct_cycle="0" pshv="0" unpshv="0">
<file name="C:\SynergyWorkspace\WorkingProjects\VehDyn-gzkys7\VehDyn\src\Ap_VehDyn.c" total_lines="1267" lines_without_cmt="397" comf="22" fco="22">
<function name="Autocenter_f32" path="36" goto="0" vg="9" calling="1" calls="3" param="6" stmt="27" level="4" return="1" vocf="9.7" flin="74" fxln="34" ncalls="8">
</function>
<function name="VehDyn_Trns1" path="3" goto="0" vg="3" calling="0" calls="1" param="0" stmt="13" level="2" return="0" vocf="4.1" flin="42" fxln="14" ncalls="1">
</function>
<function name="VehDyn_SCom" path="1" goto="0" vg="1" calling="0" calls="1" param="0" stmt="3" level="1" return="0" vocf="2.8" flin="12" fxln="3" ncalls="1">
</function>
<function name="VehDyn_Per1" path="2016" goto="0" vg="24" calling="0" calls="4" param="0" stmt="80" level="4" return="0" vocf="9.5" flin="225" fxln="103" ncalls="7">
</function>
<function name="VehDyn_Init1" path="2" goto="0" vg="2" calling="0" calls="3" param="0" stmt="44" level="1" return="0" vocf="6.3" flin="76" fxln="45" ncalls="9">
</function>
<function name="NF_FullUpdate_f32" path="1" goto="0" vg="1" calling="0" calls="2" param="2" stmt="3" level="1" return="1" vocf="1.9" flin="0" fxln="0" ncalls="2">
</function>
<function name="NF_OpUpdate_f32" path="1" goto="0" vg="1" calling="1" calls="0" param="2" stmt="2" level="1" return="1" vocf="1.9" flin="0" fxln="0" ncalls="0">
</function>
<function name="NF_SvUpdate_f32" path="1" goto="0" vg="1" calling="1" calls="0" param="2" stmt="3" level="1" return="1" vocf="3.6" flin="0" fxln="0" ncalls="0">
</function>
<function name="Blend_f32" path="1" goto="0" vg="1" calling="0" calls="0" param="3" stmt="1" level="1" return="1" vocf="2.9" flin="0" fxln="0" ncalls="0">
</function>
</file>
</project>
